<?xml version="1.0" encoding="UTF-8"?>
<project-private xmlns="http://www.netbeans.org/ns/project-private/1">
    <editor-bookmarks xmlns="http://www.netbeans.org/ns/editor-bookmarks/2" lastBookmarkId="0"/>
    <open-files xmlns="http://www.netbeans.org/ns/projectui-open-files/2">
        <group>
            <file>file:/E:/ASC/BareLabor%20App/api/index.php</file>
            <file>file:/E:/ASC/BareLabor%20App/api/form/form.php</file>
            <file>file:/E:/ASC/BareLabor%20App/api/Controllers/ShopController.php</file>
            <file>file:/E:/ASC/BareLabor%20App/api/Models/User.php</file>
            <file>file:/E:/ASC/BareLabor%20App/api/Controllers/TiresController.php</file>
            <file>file:/E:/ASC/BareLabor%20App/api/Models/Shop.php</file>
            <file>file:/E:/ASC/BareLabor%20App/api/Models/Tire.php</file>
        </group>
    </open-files>
</project-private>
